{"initial_reset_timestamp": 1601448281.913895, "timestamps": [1601448281.9208078, 1601448281.925981, 1601448281.931057, 1601448281.935881, 1601448281.9560819, 1601448281.960963, 1601448282.0398972, 1601448282.069143, 1601448282.162084, 1601448282.168996, 1601448282.1736388, 1601448282.179668, 1601448282.1983738, 1601448282.230674, 1601448282.2349539, 1601448282.397053, 1601448282.4286761, 1601448282.434137, 1601448282.706888, 1601448282.7115939, 1601448282.753101, 1601448282.759837, 1601448282.7842078, 1601448282.7889569, 1601448282.8089302, 1601448282.8535, 1601448282.859775, 1601448282.9410582, 1601448282.945793, 1601448283.194379, 1601448283.199868, 1601448283.202695, 1601448283.4132411, 1601448283.472608, 1601448283.485389, 1601448283.7107048, 1601448283.724025, 1601448283.8110561, 1601448283.820566, 1601448283.851288, 1601448283.8711522, 1601448283.956374, 1601448283.964101, 1601448284.2195299, 1601448284.250091, 1601448284.2552059, 1601448284.379754, 1601448284.416947, 1601448284.421095, 1601448284.427258, 1601448284.481497, 1601448284.755693, 1601448284.8670878, 1601448284.871906, 1601448284.8817651, 1601448284.888555, 1601448284.927467, 1601448284.933198, 1601448284.940665, 1601448284.9451861, 1601448284.953115, 1601448284.971227, 1601448284.978525, 1601448285.079558, 1601448285.104362, 1601448285.20679, 1601448285.273193, 1601448285.2827368, 1601448285.3450902, 1601448285.591972, 1601448285.664014, 1601448285.695404, 1601448285.71893, 1601448285.787454, 1601448285.792227, 1601448285.827487, 1601448285.8701172, 1601448286.002795, 1601448286.014092, 1601448286.018037, 1601448286.0589921, 1601448286.127051, 1601448286.133129, 1601448286.143378, 1601448286.1504152, 1601448286.164077, 1601448286.8014941, 1601448287.0369558, 1601448287.0581582, 1601448287.104907, 1601448287.298306, 1601448287.321397, 1601448287.3629498, 1601448287.6185868, 1601448287.87606, 1601448287.949971, 1601448288.203024, 1601448288.244888, 1601448288.266243, 1601448288.5270379, 1601448288.6326232, 1601448288.814435, 1601448289.049427, 1601448289.284426, 1601448289.449978, 1601448289.498004, 1601448289.524263, 1601448289.715308, 1601448289.7678668, 1601448290.0593128, 1601448290.1072488, 1601448290.406006, 1601448290.6401448, 1601448291.0140889, 1601448291.347102, 1601448291.742892, 1601448291.914161, 1601448292.081563, 1601448292.3425841, 1601448292.365155, 1601448292.670665, 1601448292.906112, 1601448292.968629, 1601448293.060012, 1601448293.210308, 1601448293.273115, 1601448293.449861, 1601448293.7424488, 1601448294.021767, 1601448294.049056, 1601448294.308296, 1601448294.566698, 1601448294.616813, 1601448294.906585, 1601448295.134901, 1601448295.183771, 1601448295.4673102, 1601448295.664417, 1601448295.711916, 1601448295.955559, 1601448296.010005, 1601448296.073548, 1601448296.214366, 1601448296.394082, 1601448296.469344, 1601448297.033937, 1601448297.19732, 1601448297.464545, 1601448297.9651651, 1601448298.041769, 1601448298.21056, 1601448298.4561238, 1601448299.519718, 1601448299.76786, 1601448299.972521, 1601448300.2242508, 1601448300.469173, 1601448300.7232692, 1601448300.984355, 1601448301.34016, 1601448301.4686358, 1601448301.68572, 1601448301.719868, 1601448301.9621089, 1601448302.060367, 1601448302.2261178, 1601448302.5257862, 1601448302.806245, 1601448303.0531662, 1601448303.094666, 1601448303.165762, 1601448303.881081, 1601448304.1084101, 1601448304.623165, 1601448304.6665869, 1601448304.711508, 1601448304.921613, 1601448305.224426, 1601448305.430897, 1601448305.687924, 1601448305.933911, 1601448305.965206, 1601448306.06068, 1601448306.187816, 1601448306.295307, 1601448306.424747, 1601448306.4898849, 1601448306.744117, 1601448306.901778, 1601448307.393945, 1601448307.6301801, 1601448307.754449, 1601448307.900007, 1601448308.125119, 1601448308.371785, 1601448308.522308, 1601448308.886797, 1601448309.4887419, 1601448309.797492, 1601448310.0037131, 1601448310.038817, 1601448310.524689, 1601448310.774923, 1601448311.302379, 1601448311.548574, 1601448312.138062, 1601448312.3097112, 1601448312.5251358, 1601448313.1511989, 1601448313.403349, 1601448313.649188, 1601448314.025065, 1601448314.2304482, 1601448314.343473, 1601448314.462249, 1601448314.711023, 1601448314.879348, 1601448315.076863, 1601448315.219239, 1601448315.315967, 1601448315.514509, 1601448315.767405, 1601448315.96482, 1601448316.157622, 1601448316.179229, 1601448316.371306, 1601448316.511734, 1601448316.610945, 1601448317.088827, 1601448317.576376, 1601448317.65771, 1601448317.851079, 1601448318.002306, 1601448318.266541, 1601448318.491863, 1601448318.6763132, 1601448318.771617, 1601448318.9615629, 1601448319.1333141, 1601448319.366379, 1601448320.503401, 1601448320.7655501, 1601448321.018569, 1601448321.2690182, 1601448322.55658, 1601448323.158226, 1601448323.365867, 1601448323.626667, 1601448323.875294, 1601448323.9834309, 1601448324.2203882, 1601448324.4119868, 1601448324.4542432, 1601448325.6384158, 1601448325.974828, 1601448326.241747, 1601448326.508134, 1601448326.710408, 1601448326.87267, 1601448327.673621, 1601448327.923229, 1601448328.0973089, 1601448328.215517, 1601448328.4103732, 1601448329.369258, 1601448329.616093, 1601448329.89067, 1601448330.136192, 1601448330.730549, 1601448330.7645152, 1601448330.825375, 1601448330.839574, 1601448330.891774, 1601448330.905399, 1601448330.953781, 1601448331.022262, 1601448331.056289, 1601448331.075485, 1601448331.1088839, 1601448331.12681, 1601448331.1582668, 1601448331.1691499, 1601448331.186742, 1601448331.205956, 1601448331.224573, 1601448331.2576818, 1601448331.268414, 1601448331.281926, 1601448331.329699, 1601448331.3763509, 1601448331.42841, 1601448331.4422028, 1601448331.4996989, 1601448331.531629, 1601448331.573788, 1601448331.685533, 1601448332.050753, 1601448332.179397, 1601448332.3755121, 1601448332.866063, 1601448333.121175, 1601448333.366726, 1601448333.476502, 1601448333.757641, 1601448333.961333, 1601448334.011998, 1601448334.241611, 1601448334.487892, 1601448334.7383811, 1601448334.9347808, 1601448335.122334, 1601448335.9097831, 1601448336.100398, 1601448336.2879748, 1601448336.526856, 1601448336.58346, 1601448336.8214872, 1601448336.910239, 1601448337.215778, 1601448337.377912, 1601448337.470377, 1601448337.6098418, 1601448337.72491, 1601448338.484684, 1601448338.534747, 1601448338.556747, 1601448339.0117939, 1601448339.074143, 1601448339.228579, 1601448339.310092, 1601448339.376719, 1601448339.6188512, 1601448339.8658051, 1601448340.061107, 1601448340.125103, 1601448340.170063, 1601448340.437221, 1601448340.512915, 1601448340.987995, 1601448341.5567229, 1601448341.7806132, 1601448342.179273, 1601448342.2693272, 1601448342.514764, 1601448342.8792], "episode_lengths": [1, 1, 1, 1, 2, 1, 3, 2, 2, 1, 1, 1, 1, 1, 1, 2, 2, 1, 2, 1, 1, 1, 2, 1, 1, 2, 1, 1, 1, 2, 1, 1, 3, 1, 1, 3, 1, 1, 1, 1, 1, 1, 1, 2, 2, 1, 2, 1, 1, 1, 1, 3, 3, 1, 2, 1, 2, 1, 1, 1, 1, 1, 1, 4, 1, 1, 1, 1, 2, 2, 1, 1, 2, 2, 1, 2, 3, 2, 1, 1, 2, 3, 3, 3, 1, 1, 4, 2, 1, 1, 1, 1, 1, 2, 2, 1, 2, 1, 1, 2, 1, 1, 1, 2, 1, 1, 1, 1, 1, 3, 1, 2, 1, 2, 2, 2, 1, 1, 2, 1, 2, 1, 2, 1, 1, 1, 1, 2, 3, 1, 2, 3, 1, 3, 2, 2, 3, 1, 1, 2, 1, 1, 1, 1, 1, 3, 1, 2, 2, 1, 1, 2, 3, 1, 2, 1, 1, 1, 1, 2, 1, 1, 1, 2, 2, 1, 1, 1, 1, 1, 1, 3, 1, 3, 1, 1, 1, 3, 1, 3, 3, 1, 1, 1, 1, 1, 1, 1, 1, 3, 2, 1, 1, 2, 2, 1, 2, 3, 1, 1, 1, 2, 1, 2, 1, 2, 1, 1, 3, 1, 1, 2, 1, 1, 1, 2, 1, 1, 1, 1, 1, 2, 1, 1, 1, 1, 1, 1, 4, 3, 1, 1, 1, 2, 2, 1, 1, 1, 1, 1, 5, 1, 1, 1, 5, 3, 1, 1, 1, 1, 1, 1, 1, 4, 2, 1, 1, 1, 1, 4, 1, 1, 1, 1, 4, 1, 1, 1, 4, 1, 4, 1, 4, 1, 3, 1, 1, 1, 1, 1, 1, 1, 1, 1, 1, 3, 1, 1, 2, 2, 4, 1, 3, 1, 1, 2, 1, 1, 1, 3, 1, 1, 1, 2, 1, 1, 1, 1, 1, 1, 1, 4, 1, 1, 1, 1, 1, 1, 2, 1, 1, 1, 1, 4, 1, 1, 4, 2, 1, 1, 1, 1, 1, 1, 1, 1, 2, 1, 3, 4, 1, 2, 1, 1, 2],