{"initial_reset_timestamp": 1601448885.916695, "timestamps": [1601448885.920682, 1601448885.93106, 1601448885.9457548, 1601448885.964649, 1601448886.0598779, 1601448886.115563, 1601448886.1711822, 1601448886.194295, 1601448886.524138, 1601448886.532143, 1601448886.536275, 1601448886.545888, 1601448886.567494, 1601448886.586668, 1601448886.601542, 1601448886.660459, 1601448886.737379, 1601448886.744616, 1601448886.8948312, 1601448886.9273422, 1601448886.932402, 1601448886.962949, 1601448886.9695349, 1601448887.062928, 1601448887.096336, 1601448887.1174521, 1601448887.1236129, 1601448887.1305358, 1601448887.1445591, 1601448887.159839, 1601448887.173419, 1601448887.182833, 1601448887.452466, 1601448887.4631622, 1601448887.470679, 1601448887.509933, 1601448887.516704, 1601448887.525871, 1601448887.548739, 1601448887.555351, 1601448887.562598, 1601448887.570986, 1601448887.593507, 1601448887.7072058, 1601448887.728095, 1601448887.7477918, 1601448887.830307, 1601448887.835653, 1601448887.841999, 1601448887.849074, 1601448887.8577778, 1601448887.906774, 1601448888.075443, 1601448888.084016, 1601448888.091756, 1601448888.1060932, 1601448888.133926, 1601448888.142692, 1601448888.147383, 1601448888.151577, 1601448888.159774, 1601448888.166948, 1601448888.189555, 1601448888.282242, 1601448888.289561, 1601448888.3263118, 1601448888.335522, 1601448888.3409631, 1601448888.3904362, 1601448888.418476, 1601448888.423347, 1601448888.4280808, 1601448888.450312, 1601448888.598521, 1601448888.605526, 1601448888.622753, 1601448888.700424, 1601448888.747967, 1601448888.806405, 1601448888.814095, 1601448888.904224, 1601448888.9713259, 1601448888.980402, 1601448888.9940789, 1601448889.00026, 1601448889.0178728, 1601448889.646632, 1601448889.943958, 1601448889.990071, 1601448890.140901, 1601448890.1962261, 1601448890.24001, 1601448890.2896261, 1601448890.555338, 1601448890.8836741, 1601448890.925886, 1601448891.562837, 1601448891.667489, 1601448891.6991239, 1601448892.0690649, 1601448892.1314518, 1601448892.2505028, 1601448892.50789, 1601448892.801868, 1601448892.828204, 1601448892.8582861, 1601448892.923383, 1601448893.097399, 1601448893.153739, 1601448893.839487, 1601448894.071884, 1601448894.395382, 1601448894.433728, 1601448894.871327, 1601448895.1892748, 1601448895.450412, 1601448895.6312692, 1601448895.7449112, 1601448895.998712, 1601448896.044945, 1601448896.28134, 1601448896.3290188, 1601448896.775408, 1601448896.844484, 1601448896.9003782, 1601448897.096011, 1601448897.139491], "episode_lengths": [1, 1, 1, 1, 2, 1, 3, 2, 2, 1, 1, 1, 1, 1, 1, 2, 2, 1, 2, 1, 1, 1, 2, 1, 1, 2, 1, 1, 1, 2, 1, 1, 3, 1, 1, 3, 1, 1, 1, 1, 1, 1, 1, 2, 2, 1, 2, 1, 1, 1, 1, 3, 3, 1, 2, 1, 2, 1, 1, 1, 1, 1, 1, 4, 1, 1, 1, 1, 2, 2, 1, 1, 2, 2, 1, 2, 3, 2, 1, 1, 2, 3, 3, 3, 1, 1, 4, 2, 1, 1, 1, 1, 1, 2, 2, 1, 2, 1, 1, 2, 1, 1, 1, 2, 1, 1, 1, 1, 1, 3, 1, 2, 1, 2, 2, 2, 1, 1, 2, 1, 2, 1, 2, 1, 1, 1, 1], "episode_rewards": [-6.931529330409447, -6.761662290160693, -6.698234170253702, -7.033134378131253, -12.095943355532683, -7.168124927057153, -20.03556283568584, -11.323123098657865, -16.677845051485768, -7.200349427929799, -6.716676683837557, -7.157774567583042, -7.169337265240891, -7.149648961496689, -7.12684452815577, -15.858154638731182, -12.88664759214791, -7.130180411428649, -13.213994549597793, -7.218481826161053, -7.12780434025567, -6.671721795414566, -7.121074262533673, -7.1565365134321475, -6.70786011965285, -13.093322509858993, -6.974648478501759, -7.244898432464245, -6.70098188280571, -11.444507508411794, -7.301733997778264, -6.691744316918802, -14.630036162592644, -6.786416311621288, -7.310477905866744, -9.782288386434532, -6.837599964896848, -7.215473571920423, -7.085403189289881, -6.936562678549542, -6.918487300755322, -7.152188738807803, -7.218336558943292, -12.482093804096614, -7.177931605287908, -7.163164647371051, -15.536219639799011, -7.143817332969606, -7.164853122221652, -7.199782886418388, -6.768519933043631, -14.991570612571769, -1.8337629655880576, -7.152697115338372, -7.993145153775139, -7.289907495677232, -13.45520143083973, -6.760003269891573, -6.670891487074883, -7.200903246651627, -7.135732553622528, -7.130204946239857, -7.262371281802508, -20.02448182854289, -6.800829924467392, -7.136993747568274, -6.697018754879258, -6.8660624910222765, -12.173115575981763, -9.012303156893195, -7.128120809647234, -7.322810257519338, -9.033542609673708, -15.723396979449973, -6.763311519780709, -12.534312010567865, -20.00052792377638, -13.63965380704036, -7.1307207904363015, -7.147118132898871, -16.946600315287547, -17.758655144924255, -7.776722442575858, -8.889706573342199, -7.215449288033701, -6.854592840006196, -17.833897259054908, -7.146954685702468, -7.270927350579429, -7.2016032474024225, -7.266428608126116, -7.185515663310211, -6.966699845393181, -20.01267737158608, -11.776952786315245, -6.792360165282581, -13.952331215593247, -6.815071275913244, -6.6473436158739485, -13.15479599342303, -7.152124187125903, -17.734961907487055, -7.0400892242465325, -13.172691153122388, -7.1294542941430326, -6.83164222463323, -6.801485940287289, -7.250299808389908, -7.164936750475473, -11.628059102982082, -6.827777970686212, -15.436619723125798, -7.196744201420875, -17.215797397237367, -17.175350271389682, -8.938757866928569, -6.895016272766927, -7.131689328314948, -9.824686372807117, -7.139148715200873, -11.276672497059838, -7.366298194240233, -7.152910834759918, -6.6704981986237435, -6.805214757973571, -6.676445482335332, -7.145053271351223], "episode_types": ["t", "t", "t", "t", "t", "t", "t", "t", "t", "t", "t", "t", "t", "t", "t", "t", "t", "t", "t", "t", "t", "t", "t", "t", "t", "t", "t", "t", "t", "t", "t", "t", "t", "t", "t", "t", "t", "t", "t", "t", "t", "t", "t", "t", "t", "t", "t", "t", "t", "t", "t", "t", "t", "t", "t", "t", "t", "t", "t", "t", "t", "t", "t", "t", "t", "t", "t", "t", "t", "t", "t", "t", "t", "t", "t", "t", "t", "t", "t", "t", "t", "t", "t", "t", "t", "t", "t", "t", "t", "t", "t", "t", "t", "t", "t", "t", "t", "t", "t", "t", "t", "t", "t", "t", "t", "t", "t", "t", "t", "t", "t", "t", "t", "t", "t", "t", "t", "t", "t", "t", "t", "t", "t", "t", "t", "t", "t", "t"]}